<?xml version="1.0" encoding="UTF-8"?>
<GenRun Id="impl_1" LaunchPart="xc7s15ftgb196-1" LaunchTime="1596272746">
  <File Type="OPT-HWDEF" Name="Gyro_Demo.hwdef"/>
  <File Type="ROUTE-BUS-SKEW" Name="Gyro_Demo_bus_skew_routed.rpt"/>
  <File Type="PA-DCP" Name="Gyro_Demo.dcp"/>
  <File Type="BITSTR-BMM" Name="Gyro_Demo_bd.bmm"/>
  <File Type="OPT-METHODOLOGY-DRC" Name="Gyro_Demo_methodology_drc_opted.rpt"/>
  <File Type="INIT-TIMING" Name="Gyro_Demo_timing_summary_init.rpt"/>
  <File Type="ROUTE-PWR" Name="Gyro_Demo_power_routed.rpt"/>
  <File Type="PA-TCL" Name="Gyro_Demo.tcl"/>
  <File Type="OPT-TIMING" Name="Gyro_Demo_timing_summary_opted.rpt"/>
  <File Type="OPT-DCP" Name="Gyro_Demo_opt.dcp"/>
  <File Type="ROUTE-PWR-SUM" Name="Gyro_Demo_power_summary_routed.pb"/>
  <File Type="REPORTS-TCL" Name="Gyro_Demo_reports.tcl"/>
  <File Type="OPT-DRC" Name="Gyro_Demo_drc_opted.rpt"/>
  <File Type="PWROPT-DCP" Name="Gyro_Demo_pwropt.dcp"/>
  <File Type="PWROPT-DRC" Name="Gyro_Demo_drc_pwropted.rpt"/>
  <File Type="PWROPT-TIMING" Name="Gyro_Demo_timing_summary_pwropted.rpt"/>
  <File Type="PLACE-DCP" Name="Gyro_Demo_placed.dcp"/>
  <File Type="PLACE-IO" Name="Gyro_Demo_io_placed.rpt"/>
  <File Type="PLACE-CLK" Name="Gyro_Demo_clock_utilization_placed.rpt"/>
  <File Type="PLACE-UTIL" Name="Gyro_Demo_utilization_placed.rpt"/>
  <File Type="PLACE-UTIL-PB" Name="Gyro_Demo_utilization_placed.pb"/>
  <File Type="PLACE-CTRL" Name="Gyro_Demo_control_sets_placed.rpt"/>
  <File Type="PLACE-SIMILARITY" Name="Gyro_Demo_incremental_reuse_placed.rpt"/>
  <File Type="PLACE-PRE-SIMILARITY" Name="Gyro_Demo_incremental_reuse_pre_placed.rpt"/>
  <File Type="PLACE-TIMING" Name="Gyro_Demo_timing_summary_placed.rpt"/>
  <File Type="POSTPLACE-PWROPT-DCP" Name="Gyro_Demo_postplace_pwropt.dcp"/>
  <File Type="BG-BIN" Name="Gyro_Demo.bin"/>
  <File Type="POSTPLACE-PWROPT-TIMING" Name="Gyro_Demo_timing_summary_postplace_pwropted.rpt"/>
  <File Type="PHYSOPT-DCP" Name="Gyro_Demo_physopt.dcp"/>
  <File Type="PHYSOPT-DRC" Name="Gyro_Demo_drc_physopted.rpt"/>
  <File Type="BITSTR-MSK" Name="Gyro_Demo.msk"/>
  <File Type="PHYSOPT-TIMING" Name="Gyro_Demo_timing_summary_physopted.rpt"/>
  <File Type="ROUTE-ERROR-DCP" Name="Gyro_Demo_routed_error.dcp"/>
  <File Type="ROUTE-DCP" Name="Gyro_Demo_routed.dcp"/>
  <File Type="ROUTE-BLACKBOX-DCP" Name="Gyro_Demo_routed_bb.dcp"/>
  <File Type="ROUTE-DRC" Name="Gyro_Demo_drc_routed.rpt"/>
  <File Type="ROUTE-DRC-PB" Name="Gyro_Demo_drc_routed.pb"/>
  <File Type="BITSTR-LTX" Name="debug_nets.ltx"/>
  <File Type="BITSTR-LTX" Name="Gyro_Demo.ltx"/>
  <File Type="ROUTE-DRC-RPX" Name="Gyro_Demo_drc_routed.rpx"/>
  <File Type="BITSTR-MMI" Name="Gyro_Demo.mmi"/>
  <File Type="ROUTE-METHODOLOGY-DRC" Name="Gyro_Demo_methodology_drc_routed.rpt"/>
  <File Type="ROUTE-METHODOLOGY-DRC-RPX" Name="Gyro_Demo_methodology_drc_routed.rpx"/>
  <File Type="BITSTR-SYSDEF" Name="Gyro_Demo.sysdef"/>
  <File Type="ROUTE-METHODOLOGY-DRC-PB" Name="Gyro_Demo_methodology_drc_routed.pb"/>
  <File Type="ROUTE-PWR-RPX" Name="Gyro_Demo_power_routed.rpx"/>
  <File Type="ROUTE-STATUS" Name="Gyro_Demo_route_status.rpt"/>
  <File Type="ROUTE-STATUS-PB" Name="Gyro_Demo_route_status.pb"/>
  <File Type="ROUTE-TIMINGSUMMARY" Name="Gyro_Demo_timing_summary_routed.rpt"/>
  <File Type="ROUTE-TIMING-PB" Name="Gyro_Demo_timing_summary_routed.pb"/>
  <File Type="ROUTE-TIMING-RPX" Name="Gyro_Demo_timing_summary_routed.rpx"/>
  <File Type="ROUTE-SIMILARITY" Name="Gyro_Demo_incremental_reuse_routed.rpt"/>
  <File Type="ROUTE-CLK" Name="Gyro_Demo_clock_utilization_routed.rpt"/>
  <File Type="ROUTE-BUS-SKEW-PB" Name="Gyro_Demo_bus_skew_routed.pb"/>
  <File Type="ROUTE-BUS-SKEW-RPX" Name="Gyro_Demo_bus_skew_routed.rpx"/>
  <File Type="POSTROUTE-PHYSOPT-DCP" Name="Gyro_Demo_postroute_physopt.dcp"/>
  <File Type="POSTROUTE-PHYSOPT-BLACKBOX-DCP" Name="Gyro_Demo_postroute_physopt_bb.dcp"/>
  <File Type="POSTROUTE-PHYSOPT-TIMING" Name="Gyro_Demo_timing_summary_postroute_physopted.rpt"/>
  <File Type="POSTROUTE-PHYSOPT-TIMING-PB" Name="Gyro_Demo_timing_summary_postroute_physopted.pb"/>
  <File Type="POSTROUTE-PHYSOPT-TIMING-RPX" Name="Gyro_Demo_timing_summary_postroute_physopted.rpx"/>
  <File Type="POSTROUTE-PHYSOPT-BUS-SKEW" Name="Gyro_Demo_bus_skew_postroute_physopted.rpt"/>
  <File Type="POSTROUTE-PHYSOPT-BUS-SKEW-PB" Name="Gyro_Demo_bus_skew_postroute_physopted.pb"/>
  <File Type="BG-BIT" Name="Gyro_Demo.bit"/>
  <File Type="POSTROUTE-PHYSOPT-BUS-SKEW-RPX" Name="Gyro_Demo_bus_skew_postroute_physopted.rpx"/>
  <File Type="BITSTR-RBT" Name="Gyro_Demo.rbt"/>
  <File Type="BITSTR-NKY" Name="Gyro_Demo.nky"/>
  <File Type="BG-BGN" Name="Gyro_Demo.bgn"/>
  <File Type="BG-DRC" Name="Gyro_Demo.drc"/>
  <File Type="RDI-RDI" Name="Gyro_Demo.vdi"/>
  <File Type="WBT-USG" Name="usage_statistics_webtalk.html"/>
  <FileSet Name="sources" Type="DesignSrcs" RelSrcDir="$PSRCDIR/sources_1">
    <Filter Type="Srcs"/>
    <File Path="$PSRCDIR/sources_1/imports/FPGA_Project/Driver_Gyro.v">
      <FileInfo>
        <Attr Name="ImportPath" Val="$PPRDIR/../../../实习/项目/SEA-master/Demos/2.IoT/Gyro2AWSloT/FPGA_Project/Driver_Gyro.v"/>
        <Attr Name="ImportTime" Val="1573555832"/>
        <Attr Name="UsedIn" Val="synthesis"/>
        <Attr Name="UsedIn" Val="implementation"/>
        <Attr Name="UsedIn" Val="simulation"/>
      </FileInfo>
    </File>
    <File Path="$PSRCDIR/sources_1/imports/FPGA_Project/Driver_IIC.v">
      <FileInfo>
        <Attr Name="ImportPath" Val="$PPRDIR/../../../实习/项目/SEA-master/Demos/2.IoT/Gyro2AWSloT/FPGA_Project/Driver_IIC.v"/>
        <Attr Name="ImportTime" Val="1573556054"/>
        <Attr Name="UsedIn" Val="synthesis"/>
        <Attr Name="UsedIn" Val="implementation"/>
        <Attr Name="UsedIn" Val="simulation"/>
      </FileInfo>
    </File>
    <File Path="$PSRCDIR/sources_1/imports/FPGA_Project/Gyro2ram.v">
      <FileInfo>
        <Attr Name="ImportPath" Val="$PPRDIR/../../../实习/项目/SEA-master/Demos/2.IoT/Gyro2AWSloT/FPGA_Project/Gyro2ram.v"/>
        <Attr Name="ImportTime" Val="1584401542"/>
        <Attr Name="UsedIn" Val="synthesis"/>
        <Attr Name="UsedIn" Val="implementation"/>
        <Attr Name="UsedIn" Val="simulation"/>
      </FileInfo>
    </File>
    <File Path="$PSRCDIR/sources_1/new/Trigger_Generator.v">
      <FileInfo>
        <Attr Name="UsedIn" Val="synthesis"/>
        <Attr Name="UsedIn" Val="implementation"/>
        <Attr Name="UsedIn" Val="simulation"/>
      </FileInfo>
    </File>
    <File Path="$PSRCDIR/sources_1/new/clk_division.v">
      <FileInfo>
        <Attr Name="UsedIn" Val="synthesis"/>
        <Attr Name="UsedIn" Val="implementation"/>
        <Attr Name="UsedIn" Val="simulation"/>
      </FileInfo>
    </File>
    <File Path="$PSRCDIR/sources_1/imports/FPGA_Project/qspi_slave.v">
      <FileInfo>
        <Attr Name="ImportPath" Val="$PPRDIR/../../../实习/项目/SEA-master/Demos/2.IoT/Gyro2AWSloT/FPGA_Project/qspi_slave.v"/>
        <Attr Name="ImportTime" Val="1584318543"/>
        <Attr Name="UsedIn" Val="synthesis"/>
        <Attr Name="UsedIn" Val="implementation"/>
        <Attr Name="UsedIn" Val="simulation"/>
      </FileInfo>
    </File>
    <File Path="$PSRCDIR/sources_1/imports/FPGA_Project/Gyro_Demo.v">
      <FileInfo>
        <Attr Name="ImportPath" Val="$PPRDIR/../../../实习/项目/SEA-master/Demos/2.IoT/Gyro2AWSloT/FPGA_Project/Gyro_Demo.v"/>
        <Attr Name="ImportTime" Val="1595682830"/>
        <Attr Name="UsedIn" Val="synthesis"/>
        <Attr Name="UsedIn" Val="implementation"/>
        <Attr Name="UsedIn" Val="simulation"/>
      </FileInfo>
    </File>
    <Config>
      <Option Name="DesignMode" Val="RTL"/>
      <Option Name="TopModule" Val="Gyro_Demo"/>
      <Option Name="TopAutoSet" Val="TRUE"/>
    </Config>
  </FileSet>
  <FileSet Name="constrs_in" Type="Constrs" RelSrcDir="$PSRCDIR/constrs_1">
    <Filter Type="Constrs"/>
    <File Path="$PSRCDIR/constrs_1/imports/FPGA_Project/system.xdc">
      <FileInfo>
        <Attr Name="ImportPath" Val="$PPRDIR/../../../实习/项目/SEA-master/Demos/2.IoT/Gyro2AWSloT/FPGA_Project/system.xdc"/>
        <Attr Name="ImportTime" Val="1585211709"/>
        <Attr Name="UsedIn" Val="synthesis"/>
        <Attr Name="UsedIn" Val="implementation"/>
      </FileInfo>
    </File>
    <Config>
      <Option Name="ConstrsType" Val="XDC"/>
    </Config>
  </FileSet>
  <FileSet Name="utils" Type="Utils" RelSrcDir="$PSRCDIR/utils_1">
    <Filter Type="Utils"/>
    <Config>
      <Option Name="TopAutoSet" Val="TRUE"/>
    </Config>
  </FileSet>
  <Strategy Version="1" Minor="2">
    <StratHandle Name="Vivado Implementation Defaults" Flow="Vivado Implementation 2018"/>
    <Step Id="init_design"/>
    <Step Id="opt_design"/>
    <Step Id="power_opt_design"/>
    <Step Id="place_design"/>
    <Step Id="post_place_power_opt_design"/>
    <Step Id="phys_opt_design"/>
    <Step Id="route_design"/>
    <Step Id="post_route_phys_opt_design"/>
    <Step Id="write_bitstream"/>
  </Strategy>
  <BlockFileSet Type="BlockSrcs" Name="clk_wiz_0"/>
  <BlockFileSet Type="BlockSrcs" Name="blk_mem_gen_0"/>
</GenRun>
